<?xml version="1.0" encoding="UTF-8" standalone="yes"?>

<addon id="plugin.video.zonkuliah" 
       name="[COLOR=red]Z[/COLOR]on [COLOR=blue]K[/COLOR]uliah [COLOR=yellow]A[/COLOR]gama"
       version="2.1.8"
       provider-name="Team A">

  <requires>
    <import addon="xbmc.python" version="2.1.0"/>
    <import addon="script.module.beautifulsoup" version="3.2.1"/>
    <import addon="script.module.simple.downloader" />
    <import addon="script.module.beautifulsoup4" />
    <import addon="script.module.requests" />
    <import addon="script.module.httplib2" />
    <import addon="script.module.youtube.dl" optional="true"/>
    <import addon="plugin.video.youtube" optional="true" />
    <import addon="script.module.urlresolver" optional="true"/>
    <import addon="script.module.simplejson" />
	<import addon="script.module.livestreamer" optional="true"/>
	<import addon="script.logviewer" optional="true"/>
  </requires>
  <extension point="xbmc.python.pluginsource" library="zonkuliah.py">
    <provides>video</provides>
  </extension>
  <extension point="xbmc.addon.metadata">
        <summary lang="en">Zon Kuliah Agama</summary>
        <description lang="en">[COLOR=yellow]Zon Kuliah Agama[/COLOR] made by help from original owner and collaborators.Feedback at Malaysian Video Streamers (Haluan Kiri) FB Group.This add-on is not for sale and it's meant for education purposes only.</description>
  	<disclaimer lang="en">All content is copyright of their respective owners.</disclaimer>
  	<platform>all</platform>
  	<language>en</language>
  	<license>GNU GENERAL PUBLIC LICENSE. Version 3, 29 June 2007</license>
  	<forum>https://www.facebook.com/groups/mvshaluankiri/</forum>
  	<website></website>
  	<email></email>
  	<source>https://github.com/azumimuo/Zon-Kuliah</source>
  </extension>
</addon>
